{
    "text": " Na maioria das vezes a vida real não está à altura do que está na nossa cabeça. Mas de vez em quando ela chega muito perto. Acontece que você me pegou num desses raros momentos. Então se não se importa, eu fico com a vida real por um tempo.",
    "segments": [
        {
            "id": 0,
            "seek": 0,
            "start": 0.0,
            "end": 6.94,
            "text": " Na maioria das vezes a vida real não está à altura do que está na nossa cabeça.",
            "tokens": [
                50365,
                6056,
                44384,
                1482,
                12925,
                257,
                7644,
                957,
                2431,
                3192,
                1531,
                39398,
                360,
                631,
                3192,
                1667,
                15821,
                33056,
                13,
                50712
            ],
            "temperature": 0.0,
            "avg_logprob": -0.17166841731351964,
            "compression_ratio": 1.4011299435028248,
            "no_speech_prob": 0.018440507352352142
        },
        {
            "id": 1,
            "seek": 0,
            "start": 8.28,
            "end": 10.1,
            "text": " Mas de vez em quando ela chega muito perto.",
            "tokens": [
                50779,
                5224,
                368,
                5715,
                846,
                7770,
                7175,
                40157,
                4945,
                42855,
                13,
                50870
            ],
            "temperature": 0.0,
            "avg_logprob": -0.17166841731351964,
            "compression_ratio": 1.4011299435028248,
            "no_speech_prob": 0.018440507352352142
        },
        {
            "id": 2,
            "seek": 0,
            "start": 11.96,
            "end": 14.6,
            "text": " Acontece que você me pegou num desses raros momentos.",
            "tokens": [
                50963,
                5097,
                10219,
                384,
                631,
                2723,
                385,
                17199,
                263,
                1031,
                36409,
                367,
                48970,
                34583,
                13,
                51095
            ],
            "temperature": 0.0,
            "avg_logprob": -0.17166841731351964,
            "compression_ratio": 1.4011299435028248,
            "no_speech_prob": 0.018440507352352142
        },
        {
            "id": 3,
            "seek": 0,
            "start": 16.26,
            "end": 20.580000000000002,
            "text": " Então se não se importa, eu fico com a vida real por um tempo.",
            "tokens": [
                51178,
                6469,
                369,
                2431,
                369,
                33218,
                11,
                2228,
                283,
                2789,
                395,
                257,
                7644,
                957,
                1515,
                1105,
                8972,
                13,
                51394
            ],
            "temperature": 0.0,
            "avg_logprob": -0.17166841731351964,
            "compression_ratio": 1.4011299435028248,
            "no_speech_prob": 0.018440507352352142
        }
    ],
    "language": "pt"
}